new_allele,func_group,or_allele,thresh,upper_range,imgt_allele
IGHVF1-G1*01,IGHVF1-G1,IGHVF1-G1*01,0.0001,318,IGHV3-72*01
IGHVF1-G2*01,IGHVF1-G2,IGHVF1-G2*02/IGHVF1-G2*01,0.0001,318,IGHV3-73*02/IGHV3-73*01
IGHVF1-G3*01,IGHVF1-G3,IGHVF1-G3*01,0.0001,312,IGHV3-49*02
IGHVF1-G3*02,IGHVF1-G3,IGHVF1-G3*02,0.0001,312,IGHV3-49*01
IGHVF1-G3*03,IGHVF1-G3,IGHVF1-G3*05,0.0001,318,IGHV3-49*04
IGHVF1-G3*04,IGHVF1-G3,IGHVF1-G3*04/IGHVF1-G3*03,0.0001,318,IGHV3-49*03/IGHV3-49*05
IGHVF1-G4*01,IGHVF1-G4,IGHVF1-G4*01,0.001,318,IGHV3-15*07
IGHVF1-G4*02,IGHVF1-G4,IGHVF1-G4*02,0.0001,312,IGHV3-15*06
IGHVF1-G4*03,IGHVF1-G4,IGHVF1-G4*07,0.001,316,IGHV3-15*01_A313T
IGHVF1-G4*04,IGHVF1-G4,IGHVF1-G4*03,0.001,318,IGHV3-15*05
IGHVF1-G4*05,IGHVF1-G4,IGHVF1-G4*04,0.001,318,IGHV3-15*04
IGHVF1-G4*06,IGHVF1-G4,IGHVF1-G4*05/IGHVF1-G4*06,0.0001,318,IGHV3-15*02/IGHV3-15*01
IGHVF1-G4*07,IGHVF1-G4,IGHVF1-G4*08,0.0001,312,IGHV3-15*03
IGHVF1-G4*08,IGHVF1-G4,IGHVF1-G4*09,0.0001,312,IGHV3-15*08
IGHVF2-G10*01,IGHVF2-G10,IGHVF2-G17*04,0.0001,312,IGHV3-53*03
IGHVF2-G10*02,IGHVF2-G10,IGHVF2-G17*01,0.001,318,IGHV3-66*01
IGHVF2-G10*02_G319C ,IGHVF2-G10,IGHVF2-G17*01_G319C,0.001,318,IGHV3-66*04
IGHVF2-G10*03,IGHVF2-G10,IGHVF2-G17*02,0.00001,318,IGHV3-66*02
IGHVF2-G10*04,IGHVF2-G10,IGHVF2-G17*03,0.0001,318,IGHV3-66*02_G303A
IGHVF2-G10*05,IGHVF2-G10,IGHVF2-G17*06,0.001,318,IGHV3-53*02_C259T
IGHVF2-G10*06,IGHVF2-G10,IGHVF2-G17*10,0.00001,318,IGHV3-66*03
IGHVF2-G10*07,IGHVF2-G10,IGHVF2-G17*09,0.0001,318,IGHV3-53*04
IGHVF2-G10*08,IGHVF2-G10,IGHVF2-G17*05,0.0001,312,IGHV3-53*05
IGHVF2-G10*09,IGHVF2-G10,IGHVF2-G17*08/IGHVF2-G17*07,0.001,318,IGHV3-53*02/IGHV3-53*01
IGHVF2-G11*01,IGHVF2-G11,IGHVF2-G18*01,0.0001,312,IGHV3-23*02
IGHVF2-G11*02,IGHVF2-G11,IGHVF2-G18*03,0.001,318,IGHV3-23*01_G239T
IGHVF2-G11*03,IGHVF2-G11,IGHVF2-G18*02/IGHVF2-G18*04,0.001,312,IGHV3-23*04/IGHV3-23D*01/IGHV3-23*01
IGHVF2-G11*04,IGHVF2-G11,IGHVF2-G18*05,0.0001,312,IGHV3-23*03
IGHVF2-G11*05,IGHVF2-G11,IGHVF2-G18*06,0.0001,312,IGHV3-23*05
IGHVF2-G12*01,IGHVF2-G12,IGHVF2-G16*01,0.001,312,IGHV3-74*03
IGHVF2-G12*02,IGHVF2-G12,IGHVF2-G16*03/IGHVF2-G16*02,0.0001,312,IGHV3-74*02/IGHV3-74*01
IGHVF2-G13*01,IGHVF2-G13,IGHVF2-G10*01,0.001,318,IGHV3-11*01
IGHVF2-G13*02,IGHVF2-G13,IGHVF2-G10*02,0.001,318,IGHV3-11*04
IGHVF2-G13*03,IGHVF2-G13,IGHVF2-G10*03,0.0001,318,IGHV3-11*06
IGHVF2-G13*04,IGHVF2-G13,IGHVF2-G10*05/IGHVF2-G10*04,0.0001,312,IGHV3-11*05/IGHV3-11*03
IGHVF2-G14*01,IGHVF2-G14,IGHVF2-G12*01,0.001,318,IGHV3-48*03
IGHVF2-G14*02,IGHVF2-G14,IGHVF2-G12*02,0.001,318,IGHV3-48*04
IGHVF2-G14*03,IGHVF2-G14,IGHVF2-G12*03,0.001,318,IGHV3-48*01
IGHVF2-G14*04,IGHVF2-G14,IGHVF2-G12*04,0.001,318,IGHV3-48*02
IGHVF2-G14*05,IGHVF2-G14,IGHVF2-G11*01,0.0001,312,IGHV3-21*07
IGHVF2-G14*06,IGHVF2-G14,IGHVF2-G11*02,0.001,312,IGHV3-21*05
IGHVF2-G14*07,IGHVF2-G14,IGHVF2-G11*03,0.001,318,IGHV3-21*06
IGHVF2-G14*08,IGHVF2-G14,IGHVF2-G11*04,0.001,318,IGHV3-21*04
IGHVF2-G14*09,IGHVF2-G14,IGHVF2-G11*05,0.001,318,IGHV3-21*03
IGHVF2-G14*10,IGHVF2-G14,IGHVF2-G11*07/IGHVF2-G11*06,0.001,318,IGHV3-21*02/IGHV3-21*01
IGHVF2-G15*01,IGHVF2-G15,IGHVF2-G8*01,0.0001,312,IGHV3-13*02
IGHVF2-G15*02,IGHVF2-G15,IGHVF2-G8*03,0.0001,318,IGHV3-13*01_G290A_T300C
IGHVF2-G15*03,IGHVF2-G15,IGHVF2-G8*02,0.001,318,IGHV3-13*03
IGHVF2-G15*04,IGHVF2-G15,IGHVF2-G8*04,0.0001,318,IGHV3-13*05
IGHVF2-G15*05,IGHVF2-G15,IGHVF2-G8*05,0.0001,318,IGHV3-13*01
IGHVF2-G15*06,IGHVF2-G15,IGHVF2-G8*06,0.0001,318,IGHV3-13*04
IGHVF2-G16*01,IGHVF2-G16,IGHVF2-G9*01,0.001,318,IGHV3-7*04
IGHVF2-G16*02,IGHVF2-G16,IGHVF2-G9*02,0.001,318,IGHV3-7*01
IGHVF2-G16*03,IGHVF2-G16,IGHVF2-G9*03,0.001,318,IGHV3-7*02
IGHVF2-G16*04,IGHVF2-G16,IGHVF2-G9*04,0.001,318,IGHV3-7*03
IGHVF2-G16*05,IGHVF2-G16,IGHVF2-G9*05,0.0001,318,IGHV3-7*05
IGHVF2-G17*01,IGHVF2-G17,IGHVF2-G14*08,0.0001,312,IGHV3-30*17
IGHVF2-G17*02,IGHVF2-G17,IGHVF2-G14*09,0.001,318,IGHV3-30*16
IGHVF2-G17*03,IGHVF2-G17,IGHVF2-G14*10,0.0001,312,IGHV3-30*15
IGHVF2-G17*04,IGHVF2-G17,IGHVF2-G14*11,0.0001,318,IGHV3-30*11
IGHVF2-G17*05,IGHVF2-G17,IGHVF2-G14*12,0.001,318,IGHV3-30*10
IGHVF2-G17*06,IGHVF2-G17,IGHVF2-G14*03,0.0001,312,IGHV3-30*08
IGHVF2-G17*07,IGHVF2-G17,IGHVF2-G14*14,0.001,312,IGHV3-30*07
IGHVF2-G17*08,IGHVF2-G17,IGHVF2-G14*13,0.0001,318,IGHV3-30*01
IGHVF2-G17*09,IGHVF2-G17,IGHVF2-G14*07,0.001,312,IGHV3-30*04/IGHV3-30-3*03
IGHVF2-G17*10,IGHVF2-G17,IGHVF2-G14*06,0.0001,318,IGHV3-30-3*01
IGHVF2-G17*11,IGHVF2-G17,IGHVF2-G14*05,0.0001,312,IGHV3-30*09
IGHVF2-G17*12,IGHVF2-G17,IGHVF2-G14*04,0.0001,318,IGHV3-30*14
IGHVF2-G17*13,IGHVF2-G17,IGHVF2-G14*01,0.0001,312,IGHV3-30-3*02
IGHVF2-G17*14,IGHVF2-G17,IGHVF2-G14*02,0.001,318,IGHV3-30*04_C201T_G317A
IGHVF2-G17*15,IGHVF2-G17,IGHVF2-G14*16,0.0001,312,IGHV3-30*06
IGHVF2-G17*16,IGHVF2-G17,IGHVF2-G14*21,0.0001,312,IGHV3-30*12
IGHVF2-G17*17,IGHVF2-G17,IGHVF2-G14*22,0.0001,312,IGHV3-30*05
IGHVF2-G17*18,IGHVF2-G17,IGHVF2-G14*23,0.0001,312,IGHV3-30*13
IGHVF2-G17*19,IGHVF2-G17,IGHVF2-G14*17,0.0001,312,IGHV3-30*19
IGHVF2-G17*20,IGHVF2-G17,IGHVF2-G14*15,0.0001,312,IGHV3-30*20
IGHVF2-G17*21,IGHVF2-G17,IGHVF2-G14*18,0.001,318,IGHV3-33*05
IGHVF2-G17*22,IGHVF2-G17,IGHVF2-G14*19,0.0001,318,IGHV3-30*03
IGHVF2-G17*23,IGHVF2-G17,IGHVF2-G14*20,0.0001,312,IGHV3-30*18/IGHV3-30-5*01
IGHVF2-G17*24,IGHVF2-G17,IGHVF2-G14*25,0.001,318,IGHV3-30*02_A275G
IGHVF2-G17*25,IGHVF2-G17,IGHVF2-G14*26/IGHVF2-G14*24,0.001,312,IGHV3-30*02/IGHV3-30-5*02/IGHV3-30*02_G49A
IGHVF2-G17*26,IGHVF2-G17,IGHVF2-G14*27,0.0001,312,IGHV3-33*02
IGHVF2-G17*27,IGHVF2-G17,IGHVF2-G14*28,0.0001,312,IGHV3-33*07
IGHVF2-G17*28,IGHVF2-G17,IGHVF2-G14*29,0.0001,312,IGHV3-33*04
IGHVF2-G17*29,IGHVF2-G17,IGHVF2-G14*30,0.001,318,IGHV3-33*08
IGHVF2-G17*30,IGHVF2-G17,IGHVF2-G14*31,0.0001,312,IGHV3-33*03
IGHVF2-G17*31,IGHVF2-G17,IGHVF2-G14*32,0.0001,318,IGHV3-33*01
IGHVF2-G17*32,IGHVF2-G17,IGHVF2-G14*33,0.001,318,IGHV3-33*06
IGHVF2-G5*01,IGHVF2-G5,IGHVF2-G5*02,0.0001,318,IGHV3-43D*03
IGHVF2-G5*02,IGHVF2-G5,IGHVF2-G5*03/IGHVF2-G5*01,0.0001,318,IGHV3-43D*04/IGHV3-43D*04_G4A
IGHVF2-G5*03,IGHVF2-G5,IGHVF2-G5*04,0.0001,318,IGHV3-43*01
IGHVF2-G5*04,IGHVF2-G5,IGHVF2-G5*05,0.0001,318,IGHV3-43*02
IGHVF2-G6*01,IGHVF2-G6,IGHVF2-G6*01,0.0001,318,IGHV3-20*01
IGHVF2-G6*02,IGHVF2-G6,IGHVF2-G6*02,0.0001,318,IGHV3-20*04
IGHVF2-G7*01,IGHVF2-G7,IGHVF2-G7*01,0.0001,312,IGHV3-9*04
IGHVF2-G7*02,IGHVF2-G7,IGHVF2-G7*02,0.0001,318,IGHV3-9*03
IGHVF2-G7*03,IGHVF2-G7,IGHVF2-G7*03,0.001,318,IGHV3-9*01
IGHVF2-G7*04,IGHVF2-G7,IGHVF2-G7*04,0.001,318,IGHV3-9*02
IGHVF2-G8*01,IGHVF2-G8,IGHVF2-G13*01,0.0001,318,IGHV3-35*02
IGHVF2-G9*01,IGHVF2-G9,IGHVF2-G15*02,0.0001,318,IGHV3-64*01
IGHVF2-G9*02,IGHVF2-G9,IGHVF2-G15*03/IGHVF2-G15*01,0.0001,312,IGHV3-64*07/IGHV3-64*02
IGHVF2-G9*03,IGHVF2-G9,IGHVF2-G15*04,0.0001,312,IGHV3-64*04
IGHVF2-G9*04,IGHVF2-G9,IGHVF2-G15*05,0.0001,318,IGHV3-64D*06
IGHVF2-G9*05,IGHVF2-G9,IGHVF2-G15*06,0.0001,318,IGHV3-64D*08
IGHVF2-G9*06,IGHVF2-G9,IGHVF2-G15*07,0.0001,318,IGHV3-64D*09
IGHVF2-G9*07,IGHVF2-G9,IGHVF2-G15*08,0.0001,312,IGHV3-64*03
IGHVF2-G9*08,IGHVF2-G9,IGHVF2-G15*09,0.0001,312,IGHV3-64*05
IGHVF3-G18*01,IGHVF3-G18,IGHVF3-G19*01,0.0001,312,IGHV5-10-1*02
IGHVF3-G18*02,IGHVF3-G18,IGHVF3-G19*02,0.0001,312,IGHV5-10-1*04
IGHVF3-G18*03,IGHVF3-G18,IGHVF3-G19*04/IGHVF3-G19*03,0.001,318,IGHV5-10-1*03/IGHV5-10-1*01
IGHVF3-G19*01,IGHVF3-G19,IGHVF3-G20*01,0.0005,312,IGHV5-51*02
IGHVF3-G19*02,IGHVF3-G19,IGHVF3-G20*02,0.0005,318,IGHV5-51*07
IGHVF3-G19*03,IGHVF3-G19,IGHVF3-G20*03,0.0005,318,IGHV5-51*06
IGHVF3-G19*04,IGHVF3-G19,IGHVF3-G20*04,0.0005,318,IGHV5-51*04
IGHVF3-G19*05,IGHVF3-G19,IGHVF3-G20*06/IGHVF3-G20*05,0.0005,318,IGHV5-51*03/IGHV5-51*01
IGHVF4-G20*01,IGHVF4-G20,IGHVF4-G21*01,0.00001,318,IGHV7-4-1*01
IGHVF4-G20*02,IGHVF4-G20,IGHVF4-G21*02,0.0001,318,IGHV7-4-1*02
IGHVF4-G20*03,IGHVF4-G20,IGHVF4-G21*03,0.0001,312,IGHV7-4-1*04
IGHVF4-G20*04,IGHVF4-G20,IGHVF4-G21*04,0.0001,312,IGHV7-4-1*05
IGHVF5-G21*01,IGHVF5-G21,IGHVF5-G22*01,0.0001,318,IGHV1-24*01
IGHVF5-G22*01,IGHVF5-G22,IGHVF5-G23*01,0.0001,318,IGHV1-69-2*01
IGHVF5-G23*01,IGHVF5-G23,IGHVF5-G25*01,0.00001,317,IGHV1-45*03
IGHVF5-G23*02,IGHVF5-G23,IGHVF5-G25*02,0.00001,312,IGHV1-45*01
IGHVF5-G23*03,IGHVF5-G23,IGHVF5-G25*03,0.00001,318,IGHV1-45*02
IGHVF5-G24*01,IGHVF5-G24,IGHVF5-G24*03,0.0001,318,IGHV1-58*02
IGHVF5-G24*02,IGHVF5-G24,IGHVF5-G24*02/IGHVF5-G24*01,0.0001,318,IGHV1-58*01/IGHV1-58*03
IGHVF5-G25*01,IGHVF5-G25,IGHVF5-G26*21,0.0001,312,IGHV1-69*11
IGHVF5-G25*02,IGHVF5-G25,IGHVF5-G26*22/IGHVF5-G26*13,0.001,312,IGHV1-69*15/IGHV1-69*18
IGHVF5-G25*03,IGHVF5-G25,IGHVF5-G26*12,0.0001,318,IGHV1-69*19
IGHVF5-G25*04,IGHVF5-G25,IGHVF5-G26*18,0.001,318,IGHV1-69*05
IGHVF5-G25*05,IGHVF5-G25,IGHVF5-G26*19/IGHVF5-G26*17/IGHVF5-G26*14/IGHVF5-G26*15,0.001,312,IGHV1-69*12/IGHV1-69*13/IGHV1-69*01_C26T/IGHV1-69D*01/IGHV1-69*01
IGHVF5-G25*06,IGHVF5-G25,IGHVF5-G26*11,0.001,318,IGHV1-69*06_G240A
IGHVF5-G25*07,IGHVF5-G25,IGHVF5-G26*05,0.0001,312,IGHV1-69*20
IGHVF5-G25*08,IGHVF5-G25,IGHVF5-G26*04/IGHVF5-G26*03,0.001,318,IGHV1-69*10_A54G/IGHV1-69*10
IGHVF5-G25*09,IGHVF5-G25,IGHVF5-G26*09,0.001,318,IGHV1-69*17
IGHVF5-G25*10,IGHVF5-G25,IGHVF5-G26*10/IGHVF5-G26*16,0.001,318,IGHV1-69*06/IGHV1-69*14
IGHVF5-G25*11,IGHVF5-G25,IGHVF5-G26*20,0.0001,312,IGHV1-69*16
IGHVF5-G25*12,IGHVF5-G25,IGHVF5-G26*01,0.001,318,IGHV1-69*02
IGHVF5-G25*13,IGHVF5-G25,IGHVF5-G26*06/IGHVF5-G26*07,0.001,318,IGHV1-69*09/IGHV1-69*04
IGHVF5-G25*14,IGHVF5-G25,IGHVF5-G26*02,0.001,315,IGHV1-69*08
IGHVF5-G25*15,IGHVF5-G25,IGHVF5-G26*08,0.001,318,IGHV1-69*04_T191C
IGHVF5-G26*01,IGHVF5-G26,IGHVF5-G27*01,0.001,318,IGHV1-8*03
IGHVF5-G26*02,IGHVF5-G26,IGHVF5-G27*02,0.0001,318,IGHV1-8*01
IGHVF5-G26*03,IGHVF5-G26,IGHVF5-G27*03,0.001,318,IGHV1-8*02
IGHVF5-G27*01,IGHVF5-G27,IGHVF5-G28*01,0.001,318,IGHV1-46*04
IGHVF5-G27*02,IGHVF5-G27,IGHVF5-G28*02,0.001,318,IGHV1-46*03
IGHVF5-G27*03,IGHVF5-G27,IGHVF5-G28*03,0.001,318,IGHV1-46*01
IGHVF5-G27*04,IGHVF5-G27,IGHVF5-G28*04,0.0001,317,IGHV1-46*02
IGHVF5-G28*01,IGHVF5-G28,IGHVF5-G29*01,0.0001,318,IGHV1-2*07
IGHVF5-G28*02,IGHVF5-G28,IGHVF5-G29*02,0.0001,318,IGHV1-2*04
IGHVF5-G28*03,IGHVF5-G28,IGHVF5-G29*04/IGHVF5-G29*03,0.0001,312,IGHV1-2*03/IGHV1-2*02
IGHVF5-G28*04,IGHVF5-G28,IGHVF5-G29*05,0.0001,312,IGHV1-2*01
IGHVF5-G28*05,IGHVF5-G28,IGHVF5-G29*06,0.0001,318,IGHV1-2*05
IGHVF5-G28*06,IGHVF5-G28,IGHVF5-G29*07,0.001,318,IGHV1-2*06
IGHVF5-G29*01,IGHVF5-G29,IGHVF5-G30*01,0.001,318,IGHV1-18*04
IGHVF5-G29*02,IGHVF5-G29,IGHVF5-G30*02,0.001,318,IGHV1-18*01
IGHVF5-G29*03,IGHVF5-G29,IGHVF5-G30*03,0.0001,318,IGHV1-18*03
IGHVF5-G30*01,IGHVF5-G30,IGHVF5-G31*03,0.001,318,IGHV1-3*04
IGHVF5-G30*02,IGHVF5-G30,IGHVF5-G31*02/IGHVF5-G31*01,0.00001,318,IGHV1-3*01/IGHV1-3*05
IGHVF5-G30*03,IGHVF5-G30,IGHVF5-G31*04,0.00001,318,IGHV1-3*02
IGHVF5-G30*04,IGHVF5-G30,IGHVF5-G31*05,0.0001,312,IGHV1-3*03
IGHVF6-G31*01,IGHVF6-G31,IGHVF6-G32*01,0.0001,318,IGHV2-26*04
IGHVF6-G31*02,IGHVF6-G31,IGHVF6-G32*02,0.0001,318,IGHV2-26*03
IGHVF6-G31*03,IGHVF6-G31,IGHVF6-G32*03,0.0001,318,IGHV2-26*01
IGHVF6-G31*04,IGHVF6-G31,IGHVF6-G32*04,0.0001,318,IGHV2-26*02
IGHVF6-G32*01,IGHVF6-G32,IGHVF6-G33*01,0.001,312,IGHV2-5*08
IGHVF6-G32*02,IGHVF6-G32,IGHVF6-G33*06/IGHVF6-G33*05/IGHVF6-G33*04,0.0001,312,IGHV2-5*06/IGHV2-5*05/IGHV2-5*09
IGHVF6-G32*03,IGHVF6-G32,IGHVF6-G33*02,0.001,318,IGHV2-5*01
IGHVF6-G32*04,IGHVF6-G32,IGHVF6-G33*03,0.0005,318,IGHV2-5*02
IGHVF6-G33*01,IGHVF6-G33,IGHVF6-G34*02,0.0001,312,IGHV2-70*10
IGHVF6-G33*02,IGHVF6-G33,IGHVF6-G34*03,0.0001,312,IGHV2-70D*14
IGHVF6-G33*03,IGHVF6-G33,IGHVF6-G34*06/IGHVF6-G34*07,0.0001,312,IGHV2-70*04_A14G/IGHV2-70D*04/IGHV2-70*04
IGHVF6-G33*04,IGHVF6-G33,IGHVF6-G34*05/IGHVF6-G34*04,0.0001,312,IGHV2-70*17/IGHV2-70*16
IGHVF6-G33*05,IGHVF6-G33,IGHVF6-G34*01,0.0001,312,IGHV2-70*12
IGHVF6-G33*06,IGHVF6-G33,IGHVF6-G34*12,0.0001,312,IGHV2-70*18
IGHVF6-G33*07,IGHVF6-G33,IGHVF6-G34*13,0.0001,312,IGHV2-70*19
IGHVF6-G33*08,IGHVF6-G33,IGHVF6-G34*14,0.0001,312,IGHV2-70*20
IGHVF6-G33*09,IGHVF6-G33,IGHVF6-G34*09,0.001,318,IGHV2-70*13
IGHVF6-G33*10,IGHVF6-G33,IGHVF6-G34*08,0.0001,318,IGHV2-70*01
IGHVF6-G33*11,IGHVF6-G33,IGHVF6-G34*11/IGHVF6-G34*10,0.0001,312,IGHV2-70*15/IGHV2-70*11
IGHVF7-G34*01,IGHVF7-G34,IGHVF7-G35*03,0.0005,318,IGHV6-1*01_T91C
IGHVF7-G34*02,IGHVF7-G34,IGHVF7-G35*01/IGHVF7-G35*02,0.0005,312,IGHV6-1*02/IGHV6-1*01
IGHVF8-G35*01,IGHVF8-G35,IGHVF8-G39*01,0.0001,312,IGHV4-34*11
IGHVF8-G35*02,IGHVF8-G35,IGHVF8-G39*02,0.001,318,IGHV4-34*12
IGHVF8-G35*03,IGHVF8-G35,IGHVF8-G39*04/IGHVF8-G39*03,0.0001,318,IGHV4-34*02/IGHV4-34*01
IGHVF8-G35*04,IGHVF8-G35,IGHVF8-G39*05,0.0001,312,IGHV4-34*04
IGHVF8-G35*05,IGHVF8-G35,IGHVF8-G39*06,0.0001,312,IGHV4-34*05
IGHVF8-G36*01,IGHVF8-G36,IGHVF8-G38*01,0.0001,312,IGHV4-34*09
IGHVF8-G36*02,IGHVF8-G36,IGHVF8-G38*02,0.0001,312,IGHV4-34*10
IGHVF8-G37*01,IGHVF8-G37,IGHVF8-G43*02,0.0001,318,IGHV4-30-4*01_A70G_A107G
IGHVF8-G37*02,IGHVF8-G37,IGHVF8-G43*04,0.001,318,IGHV4-30-4*08
IGHVF8-G37*03,IGHVF8-G37,IGHVF8-G43*03,0.001,318,IGHV4-30-4*01
IGHVF8-G37*04,IGHVF8-G37,IGHVF8-G43*01,0.0001,312,IGHV4-30-4*02
IGHVF8-G37*05,IGHVF8-G37,IGHVF8-G44*01,0.0001,312,IGHV4-31*10
IGHVF8-G37*06,IGHVF8-G37,IGHVF8-G44*03,0.0001,318,IGHV4-31*11
IGHVF8-G37*07,IGHVF8-G37,IGHVF8-G44*02,0.0001,318,IGHV4-31*11_G4C_G21C_C25T_A113C
IGHVF8-G37*08,IGHVF8-G37,IGHVF8-G44*04,0.001,318,IGHV4-31*02
IGHVF8-G37*09,IGHVF8-G37,IGHVF8-G44*05,0.0001,318,IGHV4-31*01
IGHVF8-G37*10,IGHVF8-G37,IGHVF8-G44*06,0.00001,318,IGHV4-31*03
IGHVF8-G38*01,IGHVF8-G38,IGHVF8-G42*01,0.0001,312,IGHV4-30-2*03
IGHVF8-G38*02,IGHVF8-G38,IGHVF8-G42*02,0.0001,318,IGHV4-30-4*07
IGHVF8-G38*03,IGHVF8-G38,IGHVF8-G42*03,0.0001,312,IGHV4-30-2*05
IGHVF8-G38*04,IGHVF8-G38,IGHVF8-G42*05,0.0001,318,IGHV4-30-2*01_G70A
IGHVF8-G38*05,IGHVF8-G38,IGHVF8-G42*07,0.0001,318,IGHV4-30-2*01_C285T
IGHVF8-G38*06,IGHVF8-G38,IGHVF8-G42*06,0.0001,318,IGHV4-30-2*01
IGHVF8-G38*07,IGHVF8-G38,IGHVF8-G42*04,0.0005,317,IGHV4-30-2*06
IGHVF8-G39*01,IGHVF8-G39,IGHVF8-G46*03,0.0005,312,IGHV4-61*11
IGHVF8-G39*02,IGHVF8-G39,IGHVF8-G46*02,0.001,318,IGHV4-61*02
IGHVF8-G39*03,IGHVF8-G39,IGHVF8-G46*01,0.0005,312,IGHV4-61*09
IGHVF8-G39*04,IGHVF8-G39,IGHVF8-G46*04,0.0001,312,IGHV4-61*05
IGHVF8-G39*05,IGHVF8-G39,IGHVF8-G46*05,0.0001,312,IGHV4-61*10
IGHVF8-G39*06,IGHVF8-G39,IGHVF8-G46*06,0.001,318,IGHV4-61*08
IGHVF8-G39*07,IGHVF8-G39,IGHVF8-G46*07,0.0001,312,IGHV4-61*03
IGHVF8-G39*08,IGHVF8-G39,IGHVF8-G46*08/IGHVF8-G46*09,0.0001,318,IGHV4-61*01/IGHV4-61*01_A41G
IGHVF8-G40*01,IGHVF8-G40,IGHVF8-G37*01,0.0001,312,IGHV4-59*10
IGHVF8-G40*02,IGHVF8-G40,IGHVF8-G37*02,0.0001,318,IGHV4-4*07
IGHVF8-G40*03,IGHVF8-G40,IGHVF8-G37*03,0.0001,318,IGHV4-4*07_A70G
IGHVF8-G40*04,IGHVF8-G40,IGHVF8-G36*01,0.0001,312,IGHV4-4*08
IGHVF8-G40*05,IGHVF8-G40,IGHVF8-G36*02,0.0001,312,IGHV4-4*09
IGHVF8-G40*06,IGHVF8-G40,IGHVF8-G36*03,0.0001,318,IGHV4-59*08
IGHVF8-G40*07,IGHVF8-G40,IGHVF8-G36*04,0.001,318,IGHV4-59*12
IGHVF8-G40*08,IGHVF8-G40,IGHVF8-G36*10,0.0001,318,IGHV4-59*01_G267A
IGHVF8-G40*09,IGHVF8-G40,IGHVF8-G36*05,0.0001,312,IGHV4-59*13
IGHVF8-G40*10,IGHVF8-G40,IGHVF8-G36*06,0.001,318,IGHV4-59*11
IGHVF8-G40*11,IGHVF8-G40,IGHVF8-G36*08,0.005,318,IGHV4-59*02
IGHVF8-G40*12,IGHVF8-G40,IGHVF8-G36*09/IGHVF8-G36*07,0.0001,318,IGHV4-59*01/IGHV4-59*07
IGHVF8-G41*01,IGHVF8-G41,IGHVF8-G45*01,0.001,318,IGHV4-38-2*02_G246A
IGHVF8-G41*02,IGHVF8-G41,IGHVF8-G45*02,0.0001,318,IGHV4-38-2*01
IGHVF8-G41*03,IGHVF8-G41,IGHVF8-G45*03,0.001,318,IGHV4-38-2*02
IGHVF8-G41*04,IGHVF8-G41,IGHVF8-G45*06,0.005,318,IGHV4-39*01_G315A
IGHVF8-G41*05,IGHVF8-G41,IGHVF8-G45*08,0.001,318,IGHV4-39*01_A200C
IGHVF8-G41*06,IGHVF8-G41,IGHVF8-G45*05,0.0001,318,IGHV4-39*02
IGHVF8-G41*07,IGHVF8-G41,IGHVF8-G45*07/IGHVF8-G45*04,0.0001,312,IGHV4-39*01/IGHV4-39*08
IGHVF8-G41*08,IGHVF8-G41,IGHVF8-G45*11,0.0001,312,IGHV4-39*09
IGHVF8-G41*09,IGHVF8-G41,IGHVF8-G45*09,0.0001,312,IGHV4-39*06
IGHVF8-G41*10,IGHVF8-G41,IGHVF8-G45*10,0.001,318,IGHV4-39*07
IGHVF8-G42*01,IGHVF8-G42,IGHVF8-G40*04,0.0001,312,IGHV4-4*10
IGHVF8-G42*02,IGHVF8-G42,IGHVF8-G40*01,0.0001,317,IGHV4-4*01
IGHVF8-G42*03,IGHVF8-G42,IGHVF8-G40*03/IGHVF8-G40*02,0.0001,318,IGHV4-4*02/IGHV4-4*03
IGHVF8-G43*01,IGHVF8-G43,IGHVF8-G41*02,0.00001,312,IGHV4-28*06
IGHVF8-G43*02,IGHVF8-G43,IGHVF8-G41*03,0.00001,312,IGHV4-28*04
IGHVF8-G43*03,IGHVF8-G43,IGHVF8-G41*06/IGHVF8-G41*04,0.00001,318,IGHV4-28*01/IGHV4-28*07
IGHVF8-G43*03_A319G ,IGHVF8-G43,IGHVF8-G41*06_A319G,0.00001,318,IGHV4-28*03
IGHVF8-G43*04,IGHVF8-G43,IGHVF8-G41*05/IGHVF8-G41*01,0.00001,318,IGHV4-28*05/IGHV4-28*02
